1,Ivory,HJhoiwn,O'Shevlin
2,Brett,Creffield,Southworth
3,Marilyn,Cow,Spurr
4,Christina,Chevers,Hasson
5,Karry,Baline,Vicarey
6,Davey,,Antoszewski
7,Millisent,Vigars,Lapwood
8,Nicola,Bollands,Cratere
9,Ephrem,Buffy,Yarranton
10,Gaile,Lynagh,Claughton
11,Tersina,,Allsebrook
12,Dasie,Frisby,Po
13,Lorrie,,Wylie
14,Amery,,Laite
15,Elmer,Cornfield,Tanzer
16,Bunnie,Jacobsson,Malatalant
17,Bamby,Bereford,Colson
18,Matti,Lehrer,Gribbins
19,Yoshi,Kopfen,Drysdale
20,Bab,Timson,Affuso
21,Rosamund,Snowsill,Gounet
22,Shawn,,Twinborough
23,Dale,Wolfendell,Foulgham
24,Obed,Ballantine,Simonin
25,Broddie,Kincey,Crofthwaite
26,Jeanna,Leask,Sanz
27,Barbie,Cassella,M'Quhan
28,Tamarra,,Cancellieri
29,Denys,Aloshikin,Staples
30,Cosme,Nieass,Frend
31,Gaile,Booy,Tukesby
32,Ulla,Mc Kellen,Deluce
33,Justinian,Di Giacomo,Cookney
34,Adolph,Sawkin,Aspy
35,Lindsay,,Stepney
36,Sandy,Farthing,Tunnick
37,Thoma,Ather,Kilfeather
38,Briant,Gregoletti,Dict
39,Adore,Stonehewer,Ruffey
40,Evelyn,Shiliton,Boustead
41,Neron,McGuggy,Errey
42,Fay,Fishly,Mussington
43,Vanni,McNaughton,Kirkpatrick
44,Shep,Wyman,Batrick
45,Yoshiko,,Scaice
46,Corliss,Origin,Whiteway
47,Darya,Cours,Chesnay
48,Abbie,Delong,Shinton
49,Alvin,Sydney,Belchamp
50,Olwen,Cron,Ratley
51,Jenifer,Tincknell,Scamaden
52,Jasper,Redit,Lorenz
53,Welbie,Vivyan,Gligoraci
54,Joaquin,Chason,Blei
55,Andrus,Edgeson,Consterdine
56,Mavis,,Brockway
57,Raynor,,McLaine
58,Lila,,Guterson
59,Donnie,Redier,Cristea
60,Cal,Lemmertz,Beeston
61,Jeanie,Belderfield,Johannesson
62,Dynah,Hearnden,McDonnell
63,Marcellina,Kidsley,Sibborn
64,Laurette,,Scane
65,Terza,Grigore,Bugg
66,Tabbi,Soall,Janway
67,Angela,Guyton,Jacketts
68,Jard,Sapey,Coleford
69,Worden,Blasing,Husby
70,Daryn,Broszkiewicz,Bennellick
71,Addison,Trippitt,Winchurst
72,Tiphany,Corbin,Halling
73,Moss,Dosdell,Bartolomivis
74,Stacee,,Colbrun
75,Boony,Franken,Egarr
76,Jaye,Leipnik,Rhodus
77,Noble,Covendon,Petrus
78,Cherlyn,Narbett,Mattersley
79,Hermon,,Robillart
80,Heddie,Schust,Taylorson
81,Riane,Blakeslee,Sywell
82,Jori,,Heel
83,Grace,Lockhart,Nesby
84,Berton,,Breitler
85,Eben,Casali,Blasdale
86,Olivie,Schroeder,Bouchard
87,Darleen,Tregust,Spencock
88,Dorene,,Maciaszczyk
89,Ailina,Kochlin,Maykin
90,Charisse,,Raffles
91,Deeann,Dirr,Hannigan
92,Happy,Brame,Northam
93,Derick,,Clifft
94,Vincents,,Kynastone
95,Fleming,,Petherick
96,Orren,,Loadman
97,Sancho,De Morena,Perschke
98,Farrel,Lasham,Wandrey
99,Schuyler,,Piggen
100,Madelene,Mathewes,Brisset
101,Ermengarde,Oades,Saffrin
102,Eddy,Sailes,Leitche
103,Sharleen,Quilkin,Annis
104,Abe,Durdan,Bennedsen
105,Paige,,Keppin
106,Dael,Matyja,Cholomin
107,Stephie,Taree,Snailham
108,Charleen,Henze,Raddenbury
109,Brent,Blacktin,Olivera
110,Waverly,Swatheridge,Skeffington
111,Ber,Timberlake,McEnteggart
112,Hodge,,Prowting
113,Roma,Mathen,Stubs
114,Constantino,Enrich,Deare
115,Tomaso,,Wainscot
116,Pandora,Leversuch,Paddick
117,Elfrieda,Reiners,Lansdale
118,Delainey,,Yakovl
119,Shellysheldon,,Brettor
120,Dosi,Gidley,Tolputt
121,Fletch,Dimmer,Tirte
122,Bradford,Robichon,Nortunen
123,Jessee,Leades,Selman
124,Freddie,,Nolton
125,Alis,Bethell,Lockery
126,Delmer,Deware,Mewitt
127,Dulsea,,Buckler
128,Ursula,Charters,Simper
129,Dara,Sterndale,Mease
130,Arabel,Pickle,Porter
131,Vivian,Swynfen,Southouse
132,Gasper,,Meldon
133,Patton,,Bloxland
134,Dannie,McCrystal,Plumridege
135,Marley,Androlli,Pringer
136,Julina,Delieu,Brinicombe
137,Ad,Filyukov,Mashal
138,Miles,Treneer,Eyres
139,Kelly,Antonov,Cullinan
140,Rosabella,,Esseby
141,Emilio,Gamet,Burnes
142,Dallas,Gear,Emmanuele
143,Isa,Sherman,Helks
144,Sanson,Fessier,Denk
145,Loise,Olenchikov,Assad
146,Arny,Grierson,Shoppee
147,Adey,Drews,Wabersich
148,Dorian,,Maryet
149,Francine,Lilian,Attewill
150,Kristofor,Ponten,Stobo
151,Elsey,Gahan,Kuzemka
152,Bancroft,Bell,Klosges
153,Cristionna,Rogliero,Murrhardt
154,Karel,Allinson,Morales
155,Isacco,Elderfield,Benz
156,La verne,,Mathey
157,Giacopo,Ornillos,Copestake
158,Annette,Arran,Guise
159,Donny,,Lacknor
160,Carine,,Bonnar
161,Bourke,Arderne,Skudder
162,Darryl,Gerbel,Benham
163,Flossie,Moncaster,Philipot
164,Diane-marie,Baldoni,Harnetty
165,Jeremias,,MacClinton
166,Carrissa,Wozencraft,Keene
167,Weylin,McGeorge,Witton
168,Emanuel,,Bramont
169,Kelci,Brabant,MacDonnell
170,Ceciley,Caulton,Djokovic
171,Coriss,Culter,Punyer
172,Jeanie,Fones,Lescop
173,Sidoney,Pettett,Sprigin
174,Rex,Water,Whopples
175,Trixie,Rotherham,Soan
176,Eward,Collar,Thackston
177,Neils,Liff,Brisset
178,Willem,Baptie,Tapscott
179,Kalie,,Ondrich
180,Wally,Coale,Dudmesh
181,Dyann,Arrol,De Minico
182,Collette,Braiden,Richley
183,Tina,Laugheran,Darrel
184,Catina,Ladbrooke,Pettifor
185,Paige,,Mucci
186,Kenna,Iacobini,Barajaz
187,Lyndsie,Sizland,Marty
188,Wit,Scoon,Steart
189,Blondelle,,Gauford
190,Claudette,Watt,Lackington
191,Dodi,Grogan,Luten
192,Bertine,Pulhoster,Mordey
193,Liane,Steljes,Harnor
194,Kaia,Bowker,Dewis
195,Cyndi,Sheer,Colloff
196,Fredra,Fader,Sutterby
197,Dill,MacCleod,Cordell
198,Sophronia,Tassaker,Billin
199,Thaxter,,Antoniou
200,Lavena,Caron,Buckhurst
201,Bibbie,Legh,Layus
202,Allayne,Dahl,Malling
203,Maye,Cherry,McCallister
204,Aldous,,Caccavari
205,Casper,McKerley,Southall
206,Ashla,Mechi,Allderidge
207,Pierette,,Toolan
208,Libbie,Gonzales,Ettery
209,Isidore,Faichney,Ricardet
210,Bendix,Semrad,Deards
211,Garik,Burden,Abad
212,Mathian,Loudian,Seeds
213,Estell,Adolphine,De Miranda
214,Adelheid,,Bolens
215,Scarface,Rown,Rykert
216,Susann,Baskeyfied,Aikman
217,Kacie,Jellybrand,Crottagh
218,Ashla,MacMearty,Preene
219,Jeramie,Veldman,Kinnach
220,Collette,Neat,Skittrall
221,Chandal,Crimin,Le Monnier
222,Kelly,Roadknight,Livick
223,Jolyn,,Overel
224,Francyne,Bidewel,Stowell
225,Ker,,Pocknell
226,Jeannette,Firth,Le Blond
227,Gillan,,Stoakley
228,Kellia,Jenner,Orkney
229,Gert,Greathead,Dodge
230,Meyer,Dalinder,Abrahamian
231,Pammie,,Lindgren
232,Aretha,,Frain
233,Clarence,Corpe,Jendrach
234,Bunnie,,Gulland
235,Guendolen,Suckling,Hothersall
236,Arlen,Yurkov,Petyanin
237,Packston,,Damp
238,Kimberli,Corfield,McParland
239,Fanni,Freyn,Lorant
240,Hester,Leupoldt,Cockshot
241,Eustacia,Coull,Purkis
242,Clarie,Mockler,Horbart
243,Tildie,Stares,Prest
244,Doroteya,Sylett,Schoolfield
245,Louise,,Perham
246,Channa,O' Mullan,Gilffilland
247,Normie,,Reekie
248,Isahella,Jansey,Autrie
249,Mellisent,,Macguire
250,Georgine,,Simenet
251,Jasper,Alban,Bisgrove
252,Keelia,Corby,Boissier
253,Tillie,,Onn
254,Artemis,Sokell,Farryn
255,Zechariah,,Faircloth
256,Ebeneser,Budgen,Swiers
257,Davina,Arnaudot,O'Bradden
258,Shannon,Roycroft,Troucher
259,Lissa,,Yes
260,Kipp,,Heninghem
261,Davin,,Bottrill
262,Ryan,,Melladew
263,Tomasine,,Salvador
264,Bobette,,Bricknell
265,Kalli,Franck,Handrick
266,Tara,Simants,Dickin
267,Tades,Cottisford,Burnham
268,Pen,,Garrit
269,Vanny,Cajkler,Leishman
270,Melonie,Dadds,Easom
271,Maren,Conibear,Attwater
272,Dona,,Perris
273,Jobey,Nisen,Quigley
274,Wallace,Filby,Tritton
275,Jesselyn,Antonin,Riddell
276,Xerxes,Exton,Abad
277,Alexio,Mullett,Plaice
278,Burl,Digance,Flaune
279,Ches,Isselee,Thirsk
280,Penelope,Mustarde,Spender
281,Merle,Betke,Grace
282,Concettina,Dungay,Yablsley
283,Shana,Sarchwell,Godspeede
284,Bren,,Curless
285,Beryl,Wallas,Madrell
286,Birdie,Gosneye,Galbraith
287,Edithe,Giraux,Sproul
288,Bordie,Dillestone,McAviy
289,Tadeas,,Fishlock
290,Brandea,Southwell,Warters
291,Catarina,Shilstone,Poley
292,Lin,Farrears,Corradengo
293,Karoly,,Grunson
294,Lexine,Cassella,Shayler
295,Alanna,Cattini,Coviello
296,Valencia,Rogeon,Debell
297,Ninette,Abramof,Jeduch
298,Sheilah,Elcy,Nerheny
299,Caressa,,Gervaise
300,Tove,Hounsham,Crips
301,Erma,Sciusscietto,Thornber
302,Edie,,Cerman
303,Radcliffe,Boxe,Jaeggi
304,Kenton,Pawelec,Nutton
305,Cornelia,Sothcott,Stow
306,Marya,Supple,Drohane
307,Eolanda,Sergean,Sawtell
308,Masha,,Tivenan
309,Belita,,Clubb
310,Ashla,Furse,Colqueran
311,Shirley,Rimer,Awcoate
312,Glen,Dinwoodie,Lampkin
313,Gauthier,Blackly,Tenaunt
314,Allayne,Smeed,Benit
315,Danica,Saunier,Minguet
316,Edlin,,Jossum
317,Brewster,,Stuffins
318,Bancroft,Wahlberg,Conlaund
319,Webb,,Shakesby
320,Garland,Lithgow,Lilburne
321,Jermayne,Pulley,Ramirez
322,Neile,Seligson,Cobson
323,Geoffry,Polly,Fossord
324,Jarib,McCraine,Mitchard
325,Lincoln,Ebbett,Northbridge
326,Samson,Farden,Axton
327,Nicolina,Godrich,Andreia
328,Yorgo,,Messingham
329,Hakim,Shambroke,Conner
330,Biddie,,Whiskerd
331,Enoch,Staries,Millin
332,Philipa,Skyrm,Huggins
333,Kameko,Tapenden,Maybery
334,Malina,,Jeacop
335,Brandea,,Comford
336,Homer,Braysher,Whewell
337,Barry,Cussen,Codner
338,Deonne,Quinnelly,Adamovich
339,Alastair,Rhead,Leverage
340,Erinna,Duran,Jeannon
341,Berry,Argrave,See
342,Cosette,Northam,Spacie
343,Marieann,Pinson,Breit
344,Natalina,Gonnard,McCarlich
345,Ysabel,Ganniclifft,Mustchin
346,Ibbie,Babon,Crellin
347,Lonny,Hassewell,Leverett
348,Madelyn,Reyne,Sagrott
349,Aurore,Tyson,Pearce
350,Cassaundra,Peinke,Darlasson
351,Klement,Millott,Slader
352,Jarib,Buckell,Picker
353,Homerus,,Prestland
354,Crosby,,Rubinsohn
355,Ker,,Cardillo
356,Esme,Bourcq,Norquoy
357,Kalvin,Laviss,Newburn
358,Dori,,ducarme
359,Silvia,Lowing,Carter
360,Ravi,Haggata,Kittow
361,Kristien,Branigan,Iffe
362,Tonia,Dalgliesh,Roofe
363,Paco,Crissil,Lidierth
364,Hubert,Tredgold,Belison
365,Kettie,Blaxill,Woodyeare
366,Shanan,Witnall,Ingilson
367,Alphonse,,Syrad
368,Margaux,Fitt,Younglove
369,Brooke,Poutress,Boylin
370,Eduino,Leuty,Brymner
371,Stavros,Naseby,Wycliff
372,Aila,Sreenan,Jearum
373,Crissy,Annesley,Spinige
374,Shawn,Fawke,Drennan
375,Paulina,Sabathe,Adams
376,Lauri,Thorlby,Flett
377,Danella,,Arkley
378,Kassie,Darko,Penhalurick
379,Jodi,Kellogg,Probey
380,Giff,Ide,Pallesen
381,Nyssa,Warwick,Tamlett
382,Tiebout,Reaney,Rookesby
383,Fayette,Gaddes,Winspear
384,Tina,O'Kynsillaghe,Fahrenbach
385,Hilda,Leyre,Ottley
386,Farlie,Shill,Rashleigh
387,Jannel,,Witcherley
388,Abeu,Lemmen,Calcraft
389,Courtney,Plott,Llopis
390,Julianne,,Fonte
391,Idell,,McCauley
392,Maggi,Thominga,Sicily
393,Suzanna,Paradyce,Sazio
394,Heath,Stogill,Alty
395,Peggi,Ogles,Suller
396,Twyla,Blasl,Perrie
397,Vasily,Luckcuck,Breewood
398,Gwendolin,,Martinovsky
399,Jeff,Maccari,Eberz
400,Caz,Barfitt,Kelberman
401,Wrennie,,Hardwell
402,Eddie,,Mowsdale
403,Tim,Vaneev,Griffey
404,Bree,Spinney,Eccersley
405,Natalina,Burchnall,Brunon
406,Brandie,,McIlwain
407,Amberly,Codling,Reisen
408,Alvin,Coats,Hallor
409,Merlina,Mully,Wilkison
410,Buffy,MacKeig,Bratch
411,Alika,,Bleckly
412,Stepha,McCarrison,Kenan
413,Evie,Vasechkin,Pearsey
414,Launce,,Stimpson
415,Cole,,Simonetti
416,Gabie,Kleiser,Syde
417,Dita,Fumagallo,Longmate
418,Roger,Dawidman,Kuhwald
419,Bowie,,Ivannikov
420,Alvera,,Pearcy
421,Jecho,,Standage
422,Christoph,Hynd,Buggs
423,Ignace,,Birtwistle
424,Zach,Rustadge,Ridsdale
425,Alys,Finlater,Dodman
426,Tarra,Ezele,Fenty
427,Cleavland,Kilmary,Gallandre
428,Flori,Dingate,Attreed
429,Modestine,Perago,Leadstone
430,Brina,,Fakes
431,Garrard,Kellog,Hovee
432,Kristyn,Antrag,Elcombe
433,Clementina,Moine,Arber
434,Quentin,Zavattari,Engelbrecht
435,Jeddy,Gommes,Shurrock
436,Olivie,Meriton,Tofano
437,Aindrea,Desborough,Sevitt
438,Dane,Buxey,Maso
439,Ewan,Bern,Chinge
440,Loella,Pifford,Palle
441,Conrad,,Daniell
442,Shaine,Tilling,Laurenty
443,Lyon,Langmuir,Dorking
444,Ardyth,,Thorbon
445,Winthrop,Assard,Duberry
446,Dwain,Bowdon,Wreiford
447,Archie,,Thorrington
448,Cornie,,Jenyns
449,Lock,,Ruske
450,Edouard,Locks,Fishbourne
451,Marilyn,Foulser,Speek
452,Adlai,,Basilotta
453,Octavia,Emilien,Benoy
454,Anastasia,,Khomishin
455,Jacqueline,Clow,Rentoul
456,Alisa,Daingerfield,Egle
457,Gilli,Salsbury,Applin
458,Berty,Volonte,Probert
459,Petronia,Oldaker,Bestiman
460,Andie,,Chesswas
461,Phebe,Boog,Lindl
462,Ginny,Emes,Knight
463,Fidole,Meaden,Tembridge
464,Sharon,,Flanner
465,Tootsie,Wadley,De Ruggero
466,Corilla,Tayler,Collin
467,Marguerite,Iapico,Cutajar
468,Scotty,,Klimes
469,Brand,Rangell,Labell
470,Car,Went,McCool
471,Aldwin,Matuskiewicz,Manicom
472,Nikos,Desforges,Simoens
473,Kerby,Crickett,Kneath
474,Nichols,Mourgue,Tamblingson
475,Kippar,Piddletown,Allmen
476,Rhodie,Gilbody,Janicijevic
477,Emmye,Cheney,Pellew
478,Todd,Davydoch,Asbery
479,Skipp,De la Yglesia,Duffell
480,Cathie,Hayzer,Muckart
481,Auria,Alvarado,I'anson
482,Christoph,,Earle
483,Cassandry,Prior,Bedenham
484,Humbert,Kenefick,Canti
485,Maynord,,Tease
486,Myca,Goalby,Sterrick
487,Darline,Carnew,Conlon
488,Dale,,Ainslee
489,Pebrook,Chattaway,Greet
490,Shena,,Houson
491,Bernete,Wallworke,Staff
492,Faber,Spurret,Wasielewicz
493,Case,Ethelstone,Insull
494,Opal,O'Carney,Durban
495,Ethel,Meigh,Reuther
496,Lazare,Yendall,Freckingham
497,Neilla,Feenan,McNabb
498,Patrizius,Storrie,Spaduzza
499,Graeme,,Harradence
500,Monro,Barette,Jirus
501,Yettie,Fairholme,Deakins
502,Umberto,Ginnelly,Lindegard
503,Eloise,Salery,Denslow
504,Tarah,Sewall,McGlaud
505,Carolann,,MacNucator
506,Min,,Hencke
507,Lu,Goulding,Arboine
508,Tabitha,Skevington,Le Noir
509,Keenan,Werndley,Allonby
510,Grove,Bridgland,Wickling
511,Johnette,Giamo,Faulkener
512,Marve,Marcham,Bramall
513,Sandy,Crasford,Cranmore
514,Edgardo,Debrett,Laughrey
515,Jaimie,Jury,Gowling
516,Rabi,McShane,Musgrove
517,Austen,Finker,Lacase
518,Bank,Pikhno,Sylett
519,Saunder,Coast,Kurton
520,Merv,Grisewood,Goddert.sf
521,Coralie,Cornilleau,Colliard
522,Blair,Regus,Palfreeman
523,Gaelan,Diggle,Bilbie
524,Jephthah,Kilian,Botcherby
525,Sharia,Kryszkiecicz,Hendriksen
526,Salmon,Rolling,Berford
527,Brandi,,Wreford
528,Kassia,Midgely,Kochl
529,Anthiathia,,Capenor
530,Breanne,Yesinin,Martinec
531,Karel,Oxnam,Hawkyens
532,Raleigh,Flannigan,Kroin
533,Ax,Shillaber,Wanka
534,Fina,Dounbare,Fillingham
535,Trevor,,Rosenfarb
536,Malynda,,O'Dulchonta
537,Alan,McCaskill,Ennion
538,Lynsey,De Lacey,McSkin
539,Muriel,De Blase,Jenks
540,Wilfrid,Megroff,Stenyng
541,Noel,Dillon,Gaunter
542,Inesita,,Davydochkin
543,Lindon,Shevlin,Leipelt
544,Natasha,Twiddell,Hully
545,Evan,Stilwell,Hentzeler
546,Dania,Iglesia,Franchioni
547,Anallise,,Horsburgh
548,Cassie,Starling,Vatcher
549,Florentia,Whilde,Jedrachowicz
550,Ellette,Newall,Broggio
551,Gilda,Durrant,Tummond
552,Benny,Morrant,Flippen
553,Franny,Pinkney,Soles
554,Jacenta,Burdus,Kirsch
555,Gabrielle,,Older
556,Randolf,,Condict
557,Neysa,Wanden,Bortoli
558,Creight,,Callow
559,Rodd,Follit,Dulwich
560,Clara,Pibsworth,Papaminas
561,Henri,,Allwell
562,Evanne,,Wallege
563,Caryl,O' Loughran,Darville
564,Chadwick,Elcott,Lathe
565,Franny,Hazeldean,Annes
566,Gardie,Bettam,Millett
567,Harrietta,,Klemz
568,Eleonore,Spreull,Shakesby
569,Andeee,,Eyeington
570,Kilian,Saltwell,Moggie
571,Desiree,O'Tierney,Kennford
572,Genvieve,Baddam,Medlen
573,Sibilla,Dadds,Fulop
574,Vance,Reynold,Bemment
575,Willdon,Bosson,Keyser
576,Berri,Valdes,Gauthorpp
577,Flin,Fidal,O' Molan
578,Alain,Roach,Baytrop
579,Pace,Dreghorn,Gregorio
580,Martie,Feldbau,Durkin
581,Trudie,,Chatainier
582,Salomone,Jordison,Conman
583,Eilis,,Rove
584,Daniel,Leaver,Larrad
585,Winnie,,Dunlap
586,Marja,Yanuk,Kryzhov
587,Valera,MacTerlagh,MacGregor
588,Norah,Schafer,Zelley
589,Ava,,Janney
590,Ardeen,Whife,Paur
591,Lotte,Van Rembrandt,Foad
592,Gwendolyn,Pessel,Beentjes
593,Amandie,Brimilcombe,Livett
594,Cash,,Ciotto
595,Lillis,Ranscome,Kirkbright
596,Ortensia,Hegg,Fairholme
597,Billi,Alvarado,Haker
598,Andi,Darycott,Hadgkiss
599,Shayna,,Dahlback
600,Ernestine,Ailmer,Devas
601,Dion,Banghe,Mallen
602,Evan,Poulter,Boundey
603,Nathanil,Denekamp,Brunicke
604,Dana,Borer,Bernardon
605,Nikkie,,De Freyne
606,Thia,Pringuer,Haldenby
607,Beatrix,Sperling,Ravenhills
608,Lisbeth,,Flanaghan
609,Maxim,,Castanho
610,Mordecai,Fallis,Solly
611,Violetta,Cowans,Rosenblath
612,Glynn,,Haffner
613,Bryce,Pirt,Fazzioli
614,Linnet,Blamire,Schmidt
615,Sidney,,Broadwood
616,Elsey,,Kasperski
617,Abbie,,Hopkynson
618,Leopold,Noyes,Youles
619,Fabio,,Mulvy
620,Jeanelle,Brotheridge,Nyssens
621,Randie,Leggitt,Hansill
622,Dwain,,Coulling
623,Gerrilee,Gold,Pitney
624,Arni,Pencott,Canape
625,Tibold,McColm,McGarva
626,Reginald,Blesli,Cranmer
627,Daron,,Lambard
628,Irita,Heeps,Latliff
629,Gretal,Pillman,Iannini
630,Donn,Langworthy,Cordey
631,Olag,Montrose,Semeradova
632,Sylvester,Benadette,Januszewski
633,Kerwinn,,Youings
634,Suzann,Bignall,Billson
635,Gregor,,Stollen
636,Theo,Heather,Fantonetti
637,Tracie,Chelsom,Crothers
638,Cairistiona,,Manneville
639,Hilario,Redington,Esslemont
640,Nichols,Francklin,Harrop
641,Inez,Beadnall,Jaquest
642,Hi,Cavanaugh,Gilberthorpe
643,Thomasin,Huffey,Georgi
644,Tobit,,Mulrenan
645,Elisabeth,Bladen,O'Kieran
646,Smitty,,Monroe
647,Mischa,Doey,Grob
648,Della,Drinan,Polle
649,Emelia,Cluderay,Bilverstone
650,Berrie,Nell,Vagg
651,Rodolph,,Abbado
652,Chicky,Robbey,Golt
653,Giffy,Watkiss,Pendrich
654,Rachael,,Warham
655,Emmeline,McMorland,Cassidy
656,Margret,,Duffield
657,Roman,Issac,Akehurst
658,Ham,,Koch
659,Arvy,,Peidro
660,Marguerite,,Casley
661,Milissent,Denslow,Pilch
662,Bernardine,,Enrique
663,Loydie,Hatzar,Quenby
664,Pennie,Reolfi,Gocher
665,Harrison,,Tatlock
666,Hansiain,Bonifacio,Donnelly
667,Cyrille,Spiring,Cockerham
668,Brittany,,Matyatin
669,Sydel,,Emmerson
670,Stephannie,Le Floch,Sommerville
671,Maryjo,Stuckford,Adnett
672,Kelley,Clotworthy,Stabler
673,Niall,,Dracey
674,Thaxter,,Stork
675,Malynda,Fabbri,Cornthwaite
676,Merline,Giovannoni,Deem
677,Henry,,Wannop
678,Margaretha,Mewett,Pechacek
679,Lynnelle,Manketell,Hendrich
680,Mendie,Pachta,Stebbins
681,Tristan,,Tschursch
682,Shelli,,McIver
683,Cindee,,Dyne
684,Verene,Dorsett,Denisyev
685,Mack,Eye,Cadagan
686,Valma,Crumly,Bockman
687,Morten,Almeida,McKinn
688,Florance,,Sheals
689,Darnall,Lemmanbie,Brennen
690,Jess,Cromwell,Chern
691,Tymon,Towhey,Dodshun
692,Ronna,,Prenty
693,Farris,Matthiae,Mouncher
694,Rowland,O'Kelly,Josum
695,Dora,Hanney,Dany
696,Callean,,Challenor
697,Charlene,Gunderson,Terrazzo
698,Antoine,Spincke,McClaren
699,Lavena,,Kelshaw
700,Janeva,Pettitt,MacTimpany
701,Sybilla,,McIlmorow
702,Menard,De la Eglise,Delhay
703,Collen,,Berger
704,Joelynn,Lukacs,Coldbathe
705,Ardyce,Schrieves,Pitkeathley
706,Galen,,Renac
707,Shepard,,Hugnin
708,Rollo,,Calafato
709,Massimo,Medlen,Garric
710,Far,,Feldon
711,Mayer,Warstall,Busby
712,Fiorenze,Records,Longden
713,Gene,,Shedden
714,Saxe,,Bosanko
715,Chris,Burwell,Firmin
716,Cayla,Linscott,Sulter
717,Clair,,Episcopio
718,Mag,Pinwill,Timbrell
719,Robinson,Margery,Farney
720,Cacilia,,Ors
721,Kirstin,,Ogilvie
722,Amalia,Dallicott,Piner
723,Wilburt,Milillo,Benwell
724,Judith,Brosoli,Viccary
725,Juana,Scoterbosh,Fawdry
726,Tasha,Billinge,Dendon
727,Arlyn,Latore,Gennerich
728,Ellwood,Avrashin,Erswell
729,Judon,Frigot,Skerman
730,Glenna,Dartnall,Hackforth
731,Durant,,Wadelin
732,Sheena,,Ebden
733,Rogerio,,Boscher
734,Ambros,,Ellingford
735,Cele,Gurnell,Immins
736,Alla,Fludgate,Valasek
737,Hogan,Bondar,Pomphrey
738,Janith,,Graveson
739,Price,,Kennagh
740,Rubina,Boulder,Bittlestone
741,Shem,Alans,Lardiner
742,Ainsley,Whettleton,Swinnard
743,Glenn,Winman,Pieters
744,Nowell,Whytock,Tunkin
745,Lennard,Adamou,Hardesty
746,Frasco,,Mosedall
747,Loleta,Crallan,Kohlerman
748,Lucita,Cozzi,Jillis
749,Percival,Le febre,Rainford
750,Minette,Yokley,Bohden
751,Chucho,,Coltman
752,Boniface,,Jankiewicz
753,Mersey,Cleobury,Drewery
754,Tiphani,Rives,Ivankovic
755,Coretta,,Calles
756,Lenna,Kingsnoad,Jerams
757,Amara,,Habbergham
758,Trudy,,Guilliatt
759,Christiane,,Verecker
760,Leontine,,Ortega
761,Barrie,Ubsdale,Tooher
762,Rodie,Koppel,Keller
763,Karie,Cadalleder,Brettle
764,Phyllis,Turrill,Whines
765,Yasmin,,Rockall
766,Melody,,Lattos
767,Maurie,Canti,McGeouch
768,Hayden,Marrill,Kingswold
769,Iolanthe,,Heenan
770,Frederick,Rendall,Patshull
771,Kipp,Coopman,Beaconsall
772,Bekki,Trail,Connah
773,Haley,Lyall,Matejovsky
774,Conroy,Ciciari,Konertz
775,Odella,Ault,McFadyen
776,Nils,Cavell,Viccars
777,Stanislas,O'Brollachain,Toope
778,Tann,,Fewell
779,Benjamin,Cereceres,Pagett
780,Micky,Strowthers,Minthorpe
781,Lay,Ganiford,Collett
782,Hercules,Royal,Danielczyk
783,Georges,Hiland,Tommasuzzi
784,Roselin,,Edworthye
785,Carlo,Fittall,Skiggs
786,Donni,,Oldis
787,Ede,Esser,Elford
788,Benita,Adami,Tarpey
789,Stanfield,,Archer
790,Sholom,Maddigan,Cutchey
791,Konrad,,Scurrer
792,Franzen,Lovstrom,Berlin
793,Ursulina,Asaaf,Tomasello
794,Maurise,Russen,Jerred
795,Richardo,Jorger,Dooley
796,Kent,O'Loughnan,Brunone
797,Joelly,Whyke,Klimkovich
798,Ariadne,,Birrell
799,Leodora,Johnes,Grimble
800,Wren,,Danhel
801,Mano,Ive,Avory
802,Lorianna,Van der Kruis,Petrello
803,Wynnie,Metson,Keppe
804,Mora,Fitkin,Bigham
805,Linda,,Bielefeld
806,Christel,Croasdale,Yukhin
807,Katusha,Clemitt,Seadon
808,Lucy,Konertz,Gorling
809,Jewell,Fairbank,Clewarth
810,Liam,,McArd
811,Maye,,Haskur
812,Sheri,Audas,Fearon
813,Cherrita,Ierland,Casajuana
814,Chet,,Mullen
815,Jerrine,Dampney,Sprade
816,Melany,Jirik,Danilowicz
817,Orlando,,Wernher
818,Bevvy,Dawks,Center
819,Foster,Copestake,Battams
820,Yorke,Smaling,Bertwistle
821,Erick,Mordey,Scroggins
822,Hartwell,Reddel,Mussilli
823,Tobye,Haukey,Yurov
824,Tadeo,,Bow
825,Antoni,Fransman,Wimpress
826,Carol,Komorowski,Torritti
827,Moore,Debill,Kiggel
828,Lilly,Shotter,Dougill
829,Myriam,,Conkie
830,Harland,,Byre
831,Ilene,Willimot,Riddick
832,Kermy,Cisco,Lohoar
833,Nikolos,Clohessy,Lilie
834,Lisa,Blackmoor,Demead
835,Ricca,Tretwell,Mole
836,Dianne,Selley,Simmon
837,Jorry,Botly,Iacoboni
838,Burlie,Hearst,Duckham
839,Zabrina,Ambrozik,Caslake
840,Reamonn,Sandyford,Fallawe
841,Eleonore,Pilgrim,Rosbrough
842,Simmonds,Nern,Vaughten
843,Thedric,Shall,Raft
844,Bourke,,MacCartair
845,Frank,Cudby,Millington
846,Claretta,Hellyar,O' Borne
847,Jerrilyn,,Kedslie
848,Catina,Piatkow,Thurstance
849,Sara-ann,Gildersleeve,Ellershaw
850,Red,Camplin,Borkett
851,Selie,,Gloucester
852,Kelli,Watchorn,Willder
853,Dominica,Stebbings,Whimpenny
854,Salmon,Peltz,Brammer
855,Shelly,,Beincken
856,Stern,Danko,Glancey
857,Verla,Garritley,Pembry
858,Dasi,Starmer,Ortas
859,Fania,Lerohan,Andren
860,Claudina,Dealtry,Boarleyson
861,Madge,Scranny,Stelfax
862,Sheffie,,Colliver
863,Kellby,Bellenger,Marchant
864,Alistair,Jess,Conachy
865,Carlen,Symonds,Holsey
866,Chester,Geillier,Jencey
867,Percy,Golde,Pirozzi
868,Celina,,MacClure
869,Nancy,Scatchar,Goude
870,Stephie,,Twiggs
871,Florence,Balls,McCleod
872,Nerty,Lake,Caswill
873,Linc,Chiddy,Dufour
874,Ami,Mines,Craythorn
875,Adella,,Wingham
876,Bernardine,Hutchason,Chappelle
877,Savina,Virr,Deakes
878,Abran,Braghini,Bohje
879,Vyky,,Churches
880,Patrica,Huglin,Tryhorn
881,Correna,Dain,Ballston
882,Inez,Rugieri,Shillom
883,Cassi,,Menat
884,Lefty,,Trevan
885,Dulci,,Goede
886,Krissy,,Stave
887,Base,Loveredge,Martyntsev
888,Martino,,Litel
889,Sonya,,Iddenden
890,Carolin,Bostick,Bagot
891,Rosanne,Stobbart,Pacitti
892,Derrick,Shord,Downton
893,Ofelia,,Walworche
894,Tye,,Le Leu
895,Kelcie,Giraudeau,Parzis
896,Jandy,,Kittow
897,Nicholle,,Jasper
898,Raina,Headech,Howatt
899,Wilfred,Shattock,Nestoruk
900,Philbert,,Sale
901,Geno,Frary,Judkin
902,Erl,Huthart,Faltin
903,Pansy,Ewen,Bein
904,Rae,,Mabbot
905,Corrine,Sharplin,Grimwood
906,Mortimer,Daine,Gostage
907,Corenda,Ong,Rose
908,Mick,Gaitskill,Glamart
909,Matthieu,,Ghion
910,Charlie,Hyams,Shrieves
911,Helsa,Claxton,Blatchford
912,Dallas,Brinson,Leathem
913,Joyan,Spriggen,Dillingstone
914,Binny,Mahaffey,Plet
915,Didi,Safont,Landall
916,Devland,Hanham,Preston
917,Floria,Shadfourth,Helder
918,Olvan,,Mintrim
919,Beverlee,Headington,Vashchenko
920,Lucy,Hartnell,Romme
921,Debby,Saffe,Wodham
922,Celinka,Sunners,Penson
923,Olia,Ephgrave,Crus
924,Virgil,Works,Stokell
925,Cleopatra,,Brant
926,Celisse,Mouncey,O'Crevy
927,Manuel,Clingan,Shapter
928,Adorne,,Krolle
929,Dyna,Barti,Dwyr
930,Holly,Sawrey,Marty
931,Midge,Moncey,Trevon
932,Tabatha,,Negri
933,Catina,Cray,Goolding
934,Budd,Whitebread,Rowatt
935,Andie,,Rymour
936,Cybill,Searle,Sargood
937,Loralie,Sawkins,Dennick
938,Dimitri,Bestwerthick,Potell
939,Becka,,Quinlan
940,Alisa,MacNamara,Old
941,Dennison,Moncrefe,Reinard
942,Winston,Reis,Hancill
943,Lillis,,Turn
944,Lorne,Assinder,McLorinan
945,Crysta,,Hoffmann
946,Phillida,Huffy,Vsanelli
947,Agata,,Giorgioni
948,Trina,Satch,Brendeke
949,Kayle,Tregear,Cantrill
950,Sean,Yo,Yakobowitch
951,Tiebold,Parnaby,Oldnall
952,Meier,Shillington,Kettlewell
953,Dean,,Stranaghan
954,Albie,Halsey,Lansley
955,Otis,,Shanklin
956,Augustine,Rowthorn,Carstairs
957,Matteo,,Elsop
958,Viva,Servis,Speers
959,Artie,Pingstone,Clamp
960,Ronalda,,Dooney
961,Joshua,,Craw
962,Sander,Gomery,Gorring
963,Ilyse,Baccas,Barnicott
964,Lewie,Chrystal,Lorenc
965,Kirk,Paunsford,Schirak
966,Clare,,Annatt
967,Yanaton,Cabrara,Pedican
968,Obed,,Iacovazzi
969,Harriott,Balharry,Carley
970,Mandel,Durnian,MacPike
971,Cindra,Torrans,Faulconbridge
972,Emelita,Byatt,Awde
973,Paige,Sealand,Rigts
974,Sheela,Hanson,Krollman
975,Dalli,Decruse,Castard
976,Deny,Varne,Streat
977,Tamera,Garrigan,Hargey
978,Lissa,Bullman,Dabourne
979,Trixy,Cressy,Dollimore
980,Joshuah,Loadsman,Strettell
981,Ephrayim,Lipyeat,Crosfield
982,Godfree,Cosgrive,Rosini
983,Lotty,,Andrew
984,Farris,Clegg,Batts
985,Valeda,,Deverille
986,Avis,Viggers,Pygott
987,Miller,Sergeant,Derrett
988,Della,,Giamelli
989,Ivonne,,MacKissack
990,Even,,Ohanessian
991,Zita,Turford,Orpyne
992,Marijn,California,Arangy
993,Harlie,Giorgetti,Musso
994,Raven,Lygoe,Sloat
995,Gaston,Chevins,Hammerman
996,Kalli,Tomeo,Aiton
997,Adan,,Hunnicot
998,Bax,,Ahren
999,Thoma,Bentote,Tebbut
1000,Russ,,Purveys
1001,Hacker,,Rose
1002,Roy,,Katie
