first_name,middle_name,last_name,id,payment_method,balance
Dominick,Crystie,Bonsall,1,Check,108.05
Reeva,Boy,Saldler,2,Debit,511.53
Sonnie,Drucie,Yerrill,3,Debit,101.67
Jerrold,Stan,Wickersham,4,Debit,414.15
Gilli,Antonie,Coslitt,5,Debit,254.02
Hale,Annemarie,Markos,6,Debit,
August,Florina,Novelli,7,Debit,
Roselia,Barbie,Espine,8,paypal,145.29
Holden,Marie-ann,Batson,9,paypal,
Nerti,Meridith,Ridsdale,10,online,
Brion,Celestia,Petteford,11,Check,218.33
Robert,Udell,Bygraves,12,Check,495.8
Ethelbert,Natala,Stanlike,13,paypal,406.78
Sharline,Barby,Janz,14,online,553.44
Carlos,Hestia,Redparth,15,online,
Humbert,Glynda,Kristof,16,paypal,
Cullin,Johan,Chapple,17,Debit,
Mart,Sherrie,Emanuele,18,Debit,
Guido,Yance,Delmage,19,online,288.36
Ryon,Katti,Lote,20,online,
Cyb,Maud,Maddison,21,Check,111.84
Maritsa,Maybelle,Malatalant,22,paypal,21.58
Kyrstin,Gloriane,Annable,23,Debit,557.53
Juditha,Antone,Ryder,24,online,318.53
Meade,Cameron,Willoway,25,paypal,197.75
Waylin,Elnora,Houten,26,Debit,
Sophi,Lindy,Bishell,27,Check,170.02
Meridith,Celina,Michelotti,28,Check,445.63
Jonah,Layne,Orhtmann,29,Check,
Pauline,Olvan,Soall,30,Check,177.46
Donnajean,Kathy,Cahani,31,Check,
Patsy,Kylen,Gair,32,Debit,157.7
Lincoln,Mariejeanne,McNeil,33,paypal,272.52
Homer,Torry,Getty,34,Debit,403.88
Hall,Bettye,Kenion,35,Check,
Mycah,Gilles,Pavlasek,36,online,11.23
Eachelle,Morton,Baulcombe,37,online,262.59
Allyce,Twila,Holttom,38,paypal,536.64
Dane,Jennifer,Linnane,39,online,342.85
Rudolf,Aarika,Estick,40,Debit,283.31
Sylvia,Monro,Piddlehinton,41,Check,171.25
Lucine,Gail,Girardy,42,paypal,127.74
Pascale,Abby,Skillanders,43,paypal,101.19
Tarrance,Cordula,McIntosh,44,online,170.65
Arin,Luisa,Cuddon,45,Check,
Shaina,Florian,Cardillo,46,Debit,307.93
Mada,Liuka,Becom,47,Check,
Selie,Rurik,Tinniswood,48,online,
Maxim,Lily,Ludye,49,online,151.19
Miles,Udale,Braddon,50,paypal,563.9
Chloette,Marilee,Aldins,51,online,233.92
Agnola,Eloisa,Cowhig,52,Debit,
Swen,Lettie,Seilmann,53,online,241.42
Dinah,Sibelle,Micah,54,paypal,
Ethelin,Nan,Channon,55,Check,326.79
Sonya,Morgana,Caught,56,paypal,71.68
Arabelle,Clarissa,Chesterman,57,online,
Haleigh,Almira,Attril,58,online,83.72
Katie,Sibylle,Blackster,59,online,
Rickey,Rosene,Jaffra,60,paypal,
Burtie,Tova,Sharpless,61,paypal,
Aline,Verge,Pantone,62,paypal,
Felisha,Salomi,Rate,63,Debit,
Sterne,Bryant,Wackley,64,paypal,413.26
Vidovik,Aleksandr,Spall,65,online,582.97
Nikita,Nadeen,Bengtsson,66,online,385.67
Any,Carla,Olivo,67,paypal,69.18
Frederico,Genevieve,Gearing,68,paypal,429.71
Lilllie,Clint,Vasilyev,69,paypal,520.07
Christy,Kirby,MacDonough,70,paypal,453.39
Giffy,Tome,Messham,71,online,530.83
Rey,Darsie,Saines,72,paypal,370.96
Lucretia,Cliff,Darth,73,Check,560.15
Jacquette,Franchot,Chappel,74,Check,14.24
Galvan,Aleksandr,Fishlock,75,paypal,37.81
Kipper,Powell,Argontt,76,Debit,
Zandra,Merrill,Claydon,77,Debit,562.06
Pansie,Nelia,Kempshall,78,paypal,248.91
Krissie,Moore,Phelps,79,Check,193.06
Riley,Saunders,Rother,80,Debit,
Joye,Amie,Liverseege,81,Debit,556.33
Meara,Clayson,Greenough,82,Debit,501.2
Lorraine,Ted,Ronca,83,Check,163.79
Marlin,Caril,Tovey,84,Check,301.44
Nell,Bellina,Rigby,85,Check,186.73
Fredek,Hal,Botting,86,paypal,
Kara,Berry,Clifton,87,online,
Sinclare,Ema,Waddell,88,Check,348.66
Colene,Allegra,Jerdein,89,paypal,88.28
Justina,Torry,Jaquest,90,online,220.61
Maryjane,Basile,Steuart,91,online,575.85
Gabriele,Kaile,Millery,92,paypal,93.73
Lisha,Mariele,Petegre,93,paypal,471.59
Thomasine,Tiffany,Codling,94,Debit,192.35
Lynnet,Emory,Bauldry,95,paypal,410.74
Antonietta,Kassia,Rickersy,96,paypal,
Max,Redd,Kopp,97,Debit,458.26
Jemima,Rodolfo,Keiling,98,Check,271.03
Nike,Tatiana,Charrington,99,Debit,171.31
Brnaba,Sinclair,Billinge,100,paypal,
Terza,Cassi,Friary,101,Debit,64.46
Arlinda,Marv,Yukhov,102,Debit,
Salli,Borg,Brockway,103,Debit,410.47
Josephina,Ambros,Hevner,104,Debit,
Carol,Keenan,Baudains,105,Check,32.46
Ozzy,Ali,Hickisson,106,Check,
Xever,Nicolai,Andreacci,107,Debit,
Audra,Rolando,Hartford,108,Debit,250.62
Clarissa,Doy,d' Eye,109,paypal,93.04
Constantine,Donica,Bonefant,110,Debit,
Kissie,Janifer,Royal,111,Check,247.83
Deb,Marisa,Hanhart,112,paypal,509.92
Ashely,Hollie,Imlin,113,Debit,214.23
Rodolphe,Rickey,Minelli,114,online,
Brady,Andreana,Foote,115,Debit,425.61
Salome,Ynez,Lydon,116,online,346.84
Alvis,Avrom,Lazarus,117,paypal,30.98
Wynny,Gabi,Joule,118,Check,373.37
Arturo,Davy,D'Almeida,119,paypal,228.16
Kellie,Rowen,Bernardoni,120,paypal,18.8
Joelly,Melisa,Sheraton,121,online,202.4
Augy,Reynard,Haffard,122,Debit,
Louella,Bernadine,Antonoczyk,123,online,31.82
Hinze,Veronique,Lemonnier,124,Check,313.61
Rice,Oran,Newall,125,paypal,251.36
Wendye,Marshall,Ferreo,126,Debit,
Boris,Camile,Eustis,127,paypal,362.36
Remy,Judie,Stivani,128,Debit,
Stavros,Frederico,Shewring,129,Check,368.21
Etty,Gordy,Eadon,130,online,
Silvano,Eudora,Tunnicliffe,131,Debit,598.45
Lon,Abbye,Paradine,132,Debit,285.74
Jonie,Claretta,Borer,133,Check,16.22
Moria,Field,Dieton,134,Check,409.99
Xylia,Lynnette,Lodge,135,Debit,329.88
Natassia,Stewart,Kupisz,136,paypal,395.28
Glynnis,Alfonse,Wones,137,Check,541.57
Hilton,Tamera,Ransom,138,online,7.18
Bernette,Antonie,Lukacs,139,online,63.9
Jonie,Kyle,Munehay,140,paypal,
Estell,Anastasie,Walklett,141,Debit,
Cobb,Marcela,Flores,142,paypal,
Linnea,Catha,Pigford,143,Debit,
Casie,Rossy,Laurenzi,144,Debit,217.83
Mandie,Odetta,Edden,145,paypal,251.89
Patrizio,Evelina,Bearne,146,Debit,
Maybelle,Netta,Guinnane,147,Check,256.84
Gusti,Henrietta,Forker,148,paypal,215.3
Jacinthe,Laina,Bullick,149,paypal,323.18
Johan,Hermy,Patek,150,Check,475.07
Loren,Jo ann,Franiak,151,online,105.1
Marketa,Moina,Ficken,152,paypal,359.42
Sigismundo,Berte,Ainsbury,153,Check,
Robbie,Berrie,Scatcher,154,paypal,
Doe,Miof mela,Hattrick,155,Debit,65.84
Imogen,Wilhelmina,Purcell,156,online,575.07
Allin,Beverlie,Westhead,157,online,
Niall,Anderea,Kidd,158,Debit,599.98
Pren,Sula,Ambroise,159,Check,369.3
Hannie,Ingemar,Arpin,160,online,
Kali,Hynda,Batterham,161,Check,363.06
Boycey,Tammy,Gambell,162,Debit,69.36
Dorine,Yank,Ribchester,163,Check,
Alain,Ava,Nesbeth,164,online,
Elaine,Gill,Joddins,165,Debit,526.42
Deerdre,Janela,Dmitrienko,166,online,309.08
Kara-lynn,Miguela,Chong,167,paypal,
Lowrance,Talia,Ogle,168,paypal,281.3
Felicity,Langston,Jurgen,169,online,131.26
Janna,Deedee,Jillard,170,Check,22.58
Pieter,Gertrud,Carren,171,Check,
Berkly,Edlin,Kerrane,172,online,587.68
Cora,Jody,Gaffey,173,paypal,238.67
Tommi,Phaidra,Batie,174,online,489.09
Katrine,Kim,Saunt,175,Debit,415.29
Meredeth,Gilberte,Shewen,176,Debit,
Debee,Glad,Killiam,177,online,
Maureene,Georgianne,Fullard,178,Check,165.29
Giorgia,Lelia,Placido,179,online,81.52
Xever,Cyrill,Bonifazio,180,Check,408.69
Sheri,Broddie,Pfleger,181,online,383.65
Karisa,Pietrek,Morey,182,Debit,13.0
Zorana,Sibby,Dacks,183,online,367.5
Faith,Vinny,Nassi,184,paypal,495.93
Frazier,Lanita,Bramham,185,Check,
Rhiamon,Debera,Shirer,186,Check,210.64
Mercie,Penny,Jiggen,187,Debit,
Ted,Meredithe,O'Fallowne,188,Check,6.42
Claude,Amandie,Ducaen,189,Debit,
Ignacio,Laney,Rekes,190,Check,481.26
Pincus,Jabez,Sinkings,191,Debit,303.5
Eirena,Eden,Dougharty,192,online,269.53
Catina,Alvira,Fantone,193,Debit,393.94
Sigismondo,Ina,Greyes,194,Debit,
Devondra,Dynah,Krishtopaittis,195,paypal,493.41
Janice,Maggi,Cregin,196,Debit,
Mariann,Standford,Gillbe,197,online,466.51
Billy,Francoise,Bunton,198,Check,510.03
Ford,Abby,Valasek,199,paypal,546.27
Linc,Kelley,Scouller,200,online,403.55
Leeann,Ashia,Clute,201,paypal,
Ruddy,Breena,Ernshaw,202,online,
Nerita,Lizzy,Coare,203,paypal,366.29
Valida,Ashley,Kleisel,204,paypal,
Frederich,Josephina,Frankcomb,205,Debit,442.51
Gavrielle,Bronnie,Smallacombe,206,Debit,236.24
Flossy,Kikelia,Papen,207,Debit,
Ericka,Brandtr,Stopford,208,online,
Bucky,Paulie,Charlon,209,paypal,195.56
Waneta,Emmett,Tuffey,210,online,549.95
Winston,Kaye,Randalston,211,Debit,2.13
Darryl,Ainsley,Scandroot,212,online,
Dyna,Kayla,Wheway,213,paypal,
Vincenz,Lucais,Tapscott,214,Debit,300.48
Jon,Birgitta,Beyer,215,paypal,103.42
Xylina,Garv,Willicott,216,paypal,591.6
Harlin,Katti,Whalebelly,217,Debit,
Odey,Farr,Markussen,218,online,
Andris,Gloriana,Spring,219,paypal,
Thorny,Tallou,Coghlan,220,Check,205.45
Nelia,Anallise,Swinden,221,Check,452.98
Joycelin,Emelina,Skellington,222,online,
Fidelity,Giselbert,Paxeford,223,paypal,512.62
Rivi,Zollie,Huey,224,Check,527.24
Catarina,Barbe,Oliveti,225,online,
Rae,Leonore,Woehler,226,online,124.09
Devlen,Melli,Hatherill,227,Check,428.3
Zonnya,Regan,Hrihorovich,228,paypal,
Geralda,Lynn,Cubuzzi,229,Check,197.4
Helsa,Selia,Casford,230,paypal,220.03
Pat,Mart,Fearneley,231,online,513.25
Isahella,Dell,MacCallister,232,Debit,271.98
Trudey,Aldrich,Gun,233,Check,545.45
Milzie,Domenic,Shearme,234,online,235.02
Aila,Guillaume,Rosbotham,235,online,31.93
Iosep,Billy,Muffitt,236,online,164.83
Lizzy,Stirling,Consadine,237,paypal,235.96
Pat,Tomi,Silkston,238,Debit,310.67
Odie,Maury,Burnie,239,paypal,
Shayne,Missy,Jerome,240,Check,50.32
Hilary,Nanete,McComiskey,241,Debit,
Mikael,Piper,Smorfit,242,online,166.43
Will,Joli,Aistrop,243,online,284.52
Aubrette,Marlie,Bramah,244,paypal,105.67
Grace,Marietta,Nelligan,245,online,332.09
Garrik,Constance,Ryles,246,paypal,38.43
Daffie,Flo,Cordeau],247,Debit,401.56
Bertie,Dedie,Tumbelty,248,Debit,12.82
Lloyd,Karlyn,Sanford,249,Check,
Chaddie,Fidela,Eddins,250,paypal,41.56
Peg,Alphonso,Alejo,251,Check,127.84
Reiko,Daryn,Scoyne,252,Debit,
Ianthe,Maison,Prestie,253,Check,318.92
Monica,Zed,Mattaser,254,online,562.02
Emlen,Carrissa,Matys,255,paypal,38.96
Amber,Sada,Kingston,256,online,301.48
Agnola,Herman,Delbergue,257,Debit,271.91
Natalya,Kyrstin,Krzyzowski,258,Debit,248.73
Veronica,Charmane,Glancy,259,Debit,591.67
Gilberta,Basilio,Renals,260,Debit,55.55
Stillman,Osborn,Sproul,261,online,
Hilton,Gawen,Karpenya,262,online,541.51
Randy,Lucienne,Jaggi,263,paypal,433.18
Eli,Hazel,Lundon,264,online,99.99
Sarette,Maxie,Calan,265,Check,239.58
Lesli,Guthrey,St. Quentin,266,paypal,
Josiah,Elie,Corrett,267,Check,598.28
Brigg,Jeni,Cardoe,268,Check,228.13
Derick,Marcia,Keast,269,Check,134.65
Myrtie,Margalo,Ulster,270,Check,457.68
Dareen,Harrie,Chown,271,paypal,428.39
Lisha,Kathlin,Hymers,272,paypal,33.77
Gordan,Ileane,Sturt,273,online,326.46
Vikki,Sully,Marishenko,274,online,62.44
Sidney,Jerrylee,Cudbertson,275,paypal,
Hakim,Marjie,Jachtym,276,online,366.92
Rowland,Portia,Gemnett,277,Check,
Klement,Risa,Wingar,278,online,382.4
Erin,Bruce,Ahmed,279,paypal,
Webb,Pavlov,Baptie,280,Debit,540.08
Brittni,Torry,Larway,281,Check,
Papagena,Ealasaid,Rawne,282,paypal,297.96
Austin,Benson,Ivchenko,283,Debit,410.29
Lena,Bordie,Battams,284,Check,94.69
Shirline,Earl,Aubury,285,paypal,
Christiana,Malvin,Delbergue,286,online,32.07
Max,Maynord,Poge,287,online,61.09
Latia,Shirley,Gustus,288,online,430.5
Sherry,Betti,Pawlicki,289,Check,299.21
Brinn,Jessalin,Mundwell,290,online,463.93
Tabbie,Dedie,Fanthom,291,Check,370.0
Emalia,Dyana,Ortelt,292,Debit,
Micheline,Athena,Savary,293,Debit,59.74
Dicky,Dory,Ivashnikov,294,Debit,135.93
Sterling,Mel,Bordessa,295,Debit,316.58
Schuyler,Hadlee,McCulloch,296,online,
Jacquelynn,Vanessa,Elgar,297,Debit,
Brinna,Ruby,Rowston,298,online,
Pennie,Aubert,Tamburi,299,paypal,584.32
Benny,Lucia,Carcass,300,online,106.38
Cecilia,Lidia,Upward,301,online,
Carmelle,Kayle,Maddigan,302,Check,232.94
Viola,Papageno,Basden,303,Check,304.91
Sheelah,Dorothy,Clevely,304,online,501.12
Doria,Hillard,Presnail,305,online,65.33
Helaine,Estrella,Rosgen,306,paypal,574.69
Regan,Nelle,Letixier,307,online,
Nat,Berton,Punshon,308,paypal,392.78
Ofelia,Veriee,Riccetti,309,paypal,497.0
Florella,Fair,Geelan,310,online,244.77
Hesther,Britteny,Powling,311,paypal,
Peg,Nevile,Feake,312,online,
Rea,Raven,Bibb,313,Debit,172.84
Neils,Nicolais,Wrought,314,Debit,554.02
Jamesy,Mirna,Healks,315,paypal,433.36
Wilow,Anastasie,Dutson,316,Debit,328.22
Sherill,Darla,Courtin,317,online,33.3
Konstanze,May,Thirst,318,paypal,508.98
Heda,Adelheid,Tichelaar,319,Debit,35.52
Emmalynne,Sergio,Urrey,320,online,464.13
Darci,Eva,Bernath,321,online,491.82
Nikolas,Charmine,Scotchford,322,online,
Jimmy,Morse,Bagenal,323,paypal,311.51
Ynez,Kira,Trayte,324,Debit,
Falito,Almeta,Quelch,325,online,113.1
Peri,Renelle,Fidock,326,Debit,52.17
Danila,Henrik,Bloyes,327,online,
Jervis,Gloria,Eary,328,Check,439.27
Edmon,Amelia,Skerratt,329,online,
Jasen,Dexter,Glentz,330,Check,
Marybeth,Timi,Borrott,331,online,
Cherin,Joanne,Jedrzejczak,332,Debit,453.56
Reamonn,Auguste,Edlington,333,Check,561.11
Andie,Benedict,Exall,334,paypal,129.92
Guy,Stearn,McGreay,335,Check,304.57
Alphard,Pasquale,Weatherhogg,336,Debit,190.0
Shae,Ryann,Kaysor,337,Debit,
Annelise,Scarface,Harmon,338,paypal,22.92
Scarlet,Ezequiel,Colmer,339,online,
Rhett,Karolina,Hast,340,online,
Hulda,Zita,Dunnan,341,paypal,482.55
Editha,Whittaker,Coulman,342,paypal,377.39
Sherilyn,Ignatius,Simonou,343,paypal,36.81
Euphemia,Therese,Scruby,344,Debit,245.44
Ines,Flinn,Meaddowcroft,345,Debit,
Scotty,Johny,Albion,346,paypal,
Taddeusz,Kerk,Chaney,347,Check,123.62
Lonnie,Morly,Paladino,348,Debit,
Tish,Romy,Squire,349,Check,357.09
Meir,Jone,Nutkin,350,paypal,159.15
Marcellus,Brigid,Laurenzi,351,paypal,153.61
Georgette,Wyatan,Challenger,352,Check,584.79
Sully,Todd,Stairs,353,paypal,
Nathanial,Ringo,Oehm,354,Debit,
Riobard,Willie,Arntzen,355,Debit,432.78
Kessia,Parry,Lorenzo,356,Check,
Wallace,Ashely,Sidry,357,Check,250.35
Amy,Nana,Bernadot,358,Check,340.35
Hewie,Jessi,Stretton,359,Debit,173.31
Basia,Whitaker,Poulgreen,360,online,114.87
Giustina,Casper,Woolner,361,paypal,246.67
Lotti,Maurie,Proby,362,paypal,104.29
Dominick,Lambert,Kubicek,363,Debit,276.65
Delcina,Karoline,Ithell,364,online,
Maegan,Patty,Twigge,365,paypal,367.15
Zonnya,Kele,Rentcome,366,paypal,349.41
Arlinda,Frieda,Knagges,367,Debit,350.21
Lula,Iago,Simonetti,368,Debit,
Rhona,Patti,Letixier,369,online,31.63
Kimbra,Caralie,Gyurko,370,paypal,212.67
Byrann,Kerwinn,MacTeggart,371,online,127.96
Perrine,Cthrine,Rozec,372,Check,510.65
Cathleen,Agnola,Atthow,373,paypal,541.55
Sherill,Wiatt,Featherstonehaugh,374,paypal,
Gilbertine,Malia,Nana,375,Debit,
Elijah,Suellen,Crottagh,376,paypal,
Amalea,Sunny,Coulthard,377,Debit,28.92
Shelia,Leann,Garrood,378,Check,
Chaim,Selina,McFade,379,Debit,
Haydon,Jordan,Conen,380,Debit,451.2
Hartley,Mendel,Innwood,381,Debit,353.99
Leigh,Marchelle,Hurtic,382,Check,
Carlina,Garvin,Stoker,383,online,65.34
Barnabas,Angelo,Jiruch,384,Debit,
Cynde,Bruce,Forty,385,paypal,500.41
Catharina,Aidan,Rickett,386,Debit,169.3
Raddy,Merwyn,Linde,387,online,
Lizbeth,Papagena,de Clerk,388,Check,
Misty,Haydon,Simm,389,online,359.62
Margret,Evelin,Eberz,390,Debit,74.64
Antonietta,Tadeas,Sivills,391,Debit,334.74
Neille,Stewart,Sacher,392,Debit,379.11
Alwin,Muire,Caff,393,Check,512.76
Rosette,Meredeth,Vigrass,394,online,468.36
Alissa,Gery,Stevings,395,Debit,98.32
Frances,Jacquelynn,Grellier,396,Debit,419.72
Zacherie,Lauren,Witchard,397,Debit,263.2
Lucho,Arri,Medland,398,Debit,
Arturo,Jock,McClary,399,online,401.2
Jacquenette,Staford,Trewhela,400,online,554.86
Trixy,Poul,Greest,401,Debit,511.19
Dwain,Dore,Buggs,402,paypal,
Ricki,Kania,Velareal,403,paypal,440.16
Hobart,Chariot,Howlin,404,Debit,515.94
Zena,Natividad,Haughey,405,online,
Georgeanna,Lewie,Stanner,406,paypal,
Herta,Kristoforo,Drinan,407,online,489.72
Dalli,Jabez,Patis,408,online,
Kaine,Jeno,Gudahy,409,Check,
Yetty,Land,Brotherwood,410,paypal,38.04
Timmy,Giustino,Speddin,411,online,409.86
Elora,Friedrick,Innman,412,paypal,
Jacklyn,Joana,Westlake,413,Debit,
Ber,Bone,Colrein,414,Debit,
Evania,Norman,Quinn,415,Check,
Schuyler,Bradford,Buddock,416,paypal,387.19
Xaviera,Grantley,Bastistini,417,Debit,
Elisa,Bale,O' Dooley,418,online,24.44
Yard,Nyssa,Volette,419,online,
Romola,Kath,Gilpillan,420,paypal,
Maribelle,Heinrik,Kubacek,421,Check,287.18
Arleta,Curcio,Jessel,422,paypal,
Sherlocke,Guss,Leabeater,423,online,148.67
Olin,Tedda,Kerwood,424,Debit,
Bern,Loren,Swaton,425,Debit,566.52
Issie,Ulrick,De'Vere - Hunt,426,paypal,595.64
Issiah,Nevile,Methuen,427,Check,20.19
Melony,Caritta,Houlton,428,paypal,
Kelbee,Imogen,Miell,429,online,510.03
Dino,Clem,Kinghorn,430,Check,479.08
Lainey,Laurens,Reily,431,Check,
Cybill,Genevra,Brothwood,432,Debit,363.73
Richard,Amelita,Drife,433,Check,79.15
Correna,Ana,Polle,434,Debit,340.27
Eberhard,Scott,McArt,435,online,441.06
Franky,Melony,Pirot,436,Debit,
Mavis,Antoinette,Philippard,437,Check,186.52
Amos,Roseanne,McReedy,438,online,31.14
Bowie,Coriss,Tellett,439,online,
Garey,Leighton,Mourge,440,Debit,526.96
Andie,Sabine,Habbema,441,Debit,15.22
Garv,Dicky,Theurer,442,Debit,322.87
Joly,Dolf,Yezafovich,443,Debit,331.04
Adolpho,Kai,Salzberg,444,Check,434.26
Jenna,Alyss,Applewhaite,445,online,264.47
Ethelred,Zechariah,Tart,446,online,120.38
Doug,Kellie,Flecknoe,447,Debit,293.56
Tadeo,Kiele,Joslin,448,online,485.58
Gayle,Rich,Esslement,449,online,
Gusty,Hazel,Schuelcke,450,paypal,350.11
Samson,Rosemaria,Tillman,451,paypal,
Gusty,Langsdon,Roser,452,Debit,530.99
Levin,Esra,Luna,453,paypal,551.53
Charlie,Deane,Fonquernie,454,Debit,516.03
Lorraine,Wilfrid,Osbaldeston,455,online,
Annice,Fredrick,Atwater,456,Debit,447.69
Aubrey,Trina,Reaman,457,online,
Celisse,Trent,Edgington,458,Check,
Clem,Cozmo,Placido,459,Check,225.94
Milka,Dorella,Skull,460,Debit,110.61
Hollyanne,Cart,O'Farrell,461,Debit,149.99
Christoffer,Aurel,Killock,462,Check,82.29
Evonne,Alexandre,Flello,463,Debit,
Tobit,Philippe,Bredgeland,464,paypal,265.43
Ramsay,Katleen,Moniker,465,online,357.75
Malissia,Tamra,Bourrel,466,online,88.88
Diandra,Julius,Dunton,467,paypal,
Kimball,Sallie,Ruggier,468,Debit,428.9
Francisco,Anita,Simonnet,469,Check,215.55
Iain,Joela,Ellar,470,Debit,386.74
Rorie,Dorena,Smoughton,471,online,402.4
Trish,Rachel,Stubs,472,Debit,493.8
Enoch,Bibbie,Minkin,473,Check,200.2
Sigfried,Tersina,Paulley,474,paypal,
Baryram,Rayshell,Hulbert,475,paypal,264.92
Wernher,Xylina,Goodger,476,paypal,181.37
Diannne,Fleur,Overstall,477,Debit,
Samaria,Jeff,Whitwham,478,Check,
Maury,Garth,Meeland,479,Check,258.72
Fredelia,Byram,Stabbins,480,online,299.51
Monika,Bella,Mannie,481,online,349.45
Dilly,Liana,Fessions,482,paypal,237.1
Charyl,Anton,Jacqueminot,483,Check,
Matthew,Nils,Jerratsch,484,Debit,
Daffie,Rodi,McCutheon,485,online,2.12
Alexandr,Yance,Grishmanov,486,paypal,33.65
Andrey,Casper,Saphin,487,Check,186.6
Derk,Olia,Trevance,488,Check,
Ernst,Rawley,Cheetam,489,paypal,535.39
Marshal,Kalvin,Fyndon,490,online,13.34
Twila,Zabrina,McGruar,491,online,98.49
Yancey,Kathryn,Ruffli,492,Check,
Irma,Elisha,Gabbetis,493,paypal,557.65
Burk,Zeb,Blaxland,494,paypal,
Rhett,Jane,Mallaby,495,Debit,423.79
Holmes,Kamilah,Oguz,496,Debit,156.79
Gabby,Lynn,Everit,497,Check,97.03
Ajay,Dominick,Rickword,498,online,517.64
Fiann,Shelagh,Feyer,499,paypal,349.5
Daron,Bridgette,Mayzes,500,Debit,26.11
Jud,Torrence,Marcus,501,Debit,
Antin,Brion,Slixby,502,Debit,269.99
Fawne,Samantha,Blasio,503,Debit,369.95
Peggie,Ursuline,Tabert,504,Debit,449.58
Abey,Cyrill,Henryson,505,Check,504.68
Robyn,Ethelyn,Gorringe,506,paypal,
Joycelin,Tammy,Eastway,507,paypal,71.41
Giana,Dugald,Sykes,508,paypal,102.95
Sigfried,Raquela,Reddyhoff,509,online,
Jimmie,Tracy,Jarnell,510,online,
Mylo,Elayne,Exall,511,Check,539.38
Rani,Zelig,Diddams,512,online,258.74
Joscelin,Odo,Oels,513,paypal,83.5
Cloe,Ambrosio,Duquesnay,514,online,417.78
Lamar,Forbes,Lamplugh,515,online,324.02
Kristo,Nancee,Daniel,516,online,500.3
Kit,Francine,Gebbie,517,paypal,125.47
Arin,Jackqueline,Ticksall,518,Debit,446.66
Kati,Charlean,D'Elia,519,online,109.44
Field,Melessa,Galloway,520,Check,19.6
Scarlet,Pooh,Beining,521,Check,
Basilio,Bamby,Belliard,522,Check,
Harlie,Farris,Sallings,523,paypal,147.28
Stacee,Regan,Ortsmann,524,Check,324.0
Juliane,Courtnay,Bosman,525,paypal,
Glory,Doloritas,Pulford,526,online,
Avivah,Miquela,Whetson,527,Check,195.37
Karleen,Iormina,Seyers,528,paypal,496.92
Byrann,Portia,Aynold,529,Debit,
Francesca,Spencer,Dowtry,530,online,184.39
Erich,Ruperta,Gayler,531,Check,189.44
Jakie,Torrance,Cummings,532,Debit,90.49
Flossie,Carr,Barrows,533,paypal,
Shayla,Shana,Gedge,534,Debit,345.19
Titos,Flore,McKevitt,535,online,566.65
Niko,Valli,Yosselevitch,536,Debit,41.94
Helen-elizabeth,Elisabet,Flux,537,paypal,
Joanie,Shelba,Muzzollo,538,paypal,474.07
Ramonda,Yorke,Bratch,539,Debit,134.82
Gerty,Didi,Ramsdale,540,paypal,364.0
Lori,Granger,Finan,541,online,90.22
Gerladina,Breanne,Maidstone,542,paypal,172.75
Ingaborg,Maribeth,Gregoraci,543,paypal,40.22
Collete,Margarethe,Sloane,544,Debit,128.71
Brigg,Brien,Kusick,545,online,
Crin,Lin,Snoxall,546,paypal,314.75
Dolores,Aldridge,Clendennen,547,Check,424.53
Theo,Kristal,Eustace,548,paypal,200.51
Clarey,Dorita,Abriani,549,paypal,581.14
Yuri,Sharona,Willavoys,550,Check,17.73
Wilhelmine,Bertha,Postle,551,Check,418.8
Trixi,Brnaba,Boick,552,Check,504.42
Enrico,Toni,Hydes,553,paypal,299.11
Karin,Jayne,Pauluzzi,554,paypal,
Raoul,Gaultiero,Halpine,555,Debit,52.19
Annmaria,Jerrold,Kaemena,556,Debit,
Clair,Abelard,Ilott,557,Check,
Malcolm,Nana,L'Episcopi,558,paypal,403.92
Alessandra,Celestina,Giscken,559,online,299.67
Carson,Ortensia,Bodham,560,Check,189.64
Branden,Emelen,Doncaster,561,online,
Jacinda,Weider,Leaf,562,paypal,
Priscilla,Catriona,Lissandri,563,online,96.53
Ronny,Maura,Scroggins,564,paypal,192.49
Nita,Koren,Bohlin,565,Debit,94.6
Verna,Marchall,Taberner,566,paypal,313.37
Denyse,Vasilis,Gourley,567,online,521.55
Rudiger,Padget,Parrett,568,paypal,465.8
Mair,Lanae,Wallentin,569,Debit,
Marjie,Gav,Daunay,570,paypal,
Willard,Valaria,Choppin,571,online,273.55
Butch,Irene,Ginsie,572,online,311.87
Ruthann,Orelee,Cosans,573,Check,368.72
Sander,Robina,Braisted,574,online,
Kelsey,Paddy,Dimitriades,575,Debit,
Dacia,Bliss,Capozzi,576,Check,413.71
Sarina,Fraser,Curwood,577,paypal,24.75
Trista,Vivianne,Waistell,578,Check,425.68
Isabelle,Inness,Cleaver,579,paypal,324.5
Ronda,Romeo,Porritt,580,Debit,
Lion,Amby,MacCostye,581,Debit,537.5
Marissa,Harv,Selvester,582,online,207.39
Ole,Isac,Hempel,583,paypal,185.51
Forrester,Asia,Whitta,584,paypal,
Devy,Gar,Righy,585,Debit,
Waylon,Joline,Eamer,586,Debit,165.47
Hussein,Nevil,Wadworth,587,Debit,258.54
April,Debi,McAllister,588,paypal,413.04
Jolyn,Perrine,Reville,589,Debit,578.05
Yorgos,Phaidra,Tatterton,590,paypal,509.82
Kingsley,Jenica,Gimblett,591,Check,59.97
Serena,Arlinda,Bowdler,592,paypal,519.42
Isiahi,Virgie,Lernihan,593,Debit,332.83
Patty,Giorgia,Autrie,594,Check,23.37
Emlynn,Sara-ann,Fibbitts,595,Debit,
Chick,Bonnee,Murdoch,596,Check,521.69
Elnora,Martie,Croyden,597,paypal,354.22
Dierdre,Beatrix,Cloute,598,Debit,290.9
Wallie,Eli,Adhams,599,Check,464.15
Donnamarie,Randal,Lowers,600,Debit,
Adeline,Yalonda,Kimbrough,601,online,472.38
Timothea,Kelbee,Guion,602,online,
Guss,Anette,Caverhill,603,Check,594.98
Lethia,Georgine,Muneely,604,Debit,548.2
Cristian,Carissa,Drinan,605,online,353.11
Fanchette,Joceline,Duffree,606,online,
Hamid,Denyse,Greathead,607,Debit,
Joete,Grethel,Brunskill,608,Debit,
Paddie,Gene,Borrett,609,Check,18.23
Carrol,Maddy,Itzakson,610,online,19.98
Evelina,Devondra,Gosenell,611,Debit,426.64
Erik,Karlene,Dearle,612,paypal,291.77
Juanita,Bale,Srawley,613,Debit,
Deane,Pam,Heinz,614,Check,333.49
Lauree,Tiebold,Peggram,615,Debit,369.67
Winifred,Giuditta,Fairfoul,616,Debit,363.15
Carolee,Mollie,Malthus,617,Debit,149.75
Sayers,Reba,Gasticke,618,Debit,116.63
Thurstan,Stanleigh,Yakubovics,619,paypal,544.73
Christos,Huntley,Gian,620,paypal,316.19
Maitilde,Keary,Crosfield,621,Debit,
Tove,Vidovic,Spilsbury,622,Debit,225.36
Roobbie,Aldin,O'Sheeryne,623,paypal,460.16
Peggy,Waverley,Ashwood,624,online,93.55
Catarina,Geoffrey,Scudder,625,Debit,356.44
Anatollo,Pauli,McIlriach,626,paypal,
Babita,Nerty,Beadnell,627,online,167.42
Eveline,Missie,Lambden,628,paypal,163.39
Fowler,Teddie,Crossby,629,Debit,207.55
Carrissa,April,Ickovits,630,Debit,595.68
Vivienne,Zorana,McUre,631,paypal,266.46
Billi,Nola,Gainsboro,632,Debit,
Donnie,Nonah,Rendall,633,Debit,249.73
Mireille,Aleda,Elias,634,online,33.4
Angelika,Rasia,Bilbrooke,635,paypal,83.82
Kristin,Gert,Ballay,636,online,
Alaine,Maria,Grumley,637,online,331.45
Kendell,Rosaline,Haddrell,638,online,355.71
Eolanda,Elmore,Heball,639,Check,563.68
Krissy,Bordy,Perot,640,Check,
Sheffy,Normand,Wheal,641,online,219.34
Garwin,Guthry,Mackrill,642,Check,67.14
Donovan,Leticia,Mechell,643,Debit,275.34
Dyan,Olimpia,Bambridge,644,online,
Juliane,Marylin,Selwyn,645,online,
Owen,Garrek,Woodwing,646,Debit,238.85
Reinald,Barret,MacCafferky,647,Check,
Clara,Martelle,Gabbett,648,online,11.99
Stefanie,Binnie,Baudains,649,Check,47.68
Rhianon,Charmain,Vickress,650,paypal,139.71
Haleigh,Cirillo,Yarrell,651,Debit,467.12
Brittni,Donall,Sizland,652,Check,255.02
Say,Sada,Landor,653,Debit,367.34
Bartholomew,Devondra,Norewood,654,Check,500.44
Goldia,Lotte,Pykerman,655,Check,262.77
Gilemette,Mayne,Valerio,656,paypal,463.72
Peadar,Betti,Bernadon,657,Check,
Leonhard,Hannis,Spittle,658,Debit,591.69
Dorotea,Krista,Dewes,659,Check,271.91
Ash,Gus,Tarbath,660,paypal,
Sheffy,Lona,Hambric,661,Check,
Barrie,Liam,Benz,662,Check,189.67
Aura,Randy,Henrot,663,Check,258.68
Anjanette,Cynthia,Spall,664,paypal,538.56
Windy,Georgie,Rootes,665,Debit,34.3
Leon,Ewan,Sange,666,online,169.15
Tobin,Tremayne,Fierro,667,Check,
Rodolph,Kristen,Milne,668,Debit,202.42
Emalee,Corey,Ingrey,669,paypal,207.45
Mark,Zane,Nurcombe,670,paypal,132.87
Antony,Buffy,Tuff,671,Debit,
Justus,Jesse,Brummell,672,Debit,
Ced,Elbert,Leatherland,673,Debit,423.47
Lilas,Mady,Enderlein,674,paypal,
Abrahan,Rozalie,Lehrer,675,Debit,
Leoline,Pippo,Moreno,676,Debit,287.5
Deborah,Fabe,Kersaw,677,paypal,30.24
Brady,Elysha,Nussgen,678,Check,177.28
Ashly,Antonella,Minster,679,online,240.16
Micheil,Reamonn,Suddaby,680,Debit,
Jennette,Emlen,Gullivent,681,paypal,173.07
Rasla,See,Road,682,Check,
Amy,Lin,Wastell,683,Check,107.32
Garrott,Consuela,Petroselli,684,online,63.93
Effie,Syd,Rentenbeck,685,online,140.18
Eilis,Martita,Iveson,686,paypal,
Winnie,Andrej,Dagger,687,Debit,552.94
Wolf,Adelaide,Nunnerley,688,paypal,83.73
Gare,Carla,Le Blanc,689,online,279.05
Agatha,Dante,McKaile,690,online,467.93
Laryssa,Allegra,Heddy,691,online,375.54
Mikkel,Kaja,Girdwood,692,Check,
Daryle,Rodge,Phelip,693,paypal,105.24
York,Glynn,Sparshott,694,Debit,
Starlin,Mason,Trenbey,695,Debit,414.02
Rik,Theo,Ox,696,Check,
Heinrick,Nanete,Cubbini,697,paypal,
Karil,Basilio,Well,698,Check,196.01
Bari,Lorenzo,Friedlos,699,Debit,
Baron,Walt,Dwyer,700,Check,422.82
Norry,Ema,McKintosh,701,paypal,
Killie,Ivory,McCrone,702,Check,
Adrian,Corbin,Earney,703,online,573.22
Hilliard,Bertrando,Mcasparan,704,Debit,
Cleavland,Lora,Cahalin,705,online,487.11
Lea,Verla,Ripping,706,Debit,
Gardener,Eloisa,Wolstencroft,707,Check,77.79
Darby,Morganica,McPharlain,708,Debit,24.95
Teddie,Starlene,Ribou,709,Debit,122.59
Fanchon,Mirna,Kuschel,710,online,
Odille,Sander,Bushel,711,Debit,
Milty,Alon,Guiness,712,Debit,427.83
Sherlocke,Hyacinthie,Ethington,713,Debit,292.84
Teriann,Ferrel,Kinchlea,714,paypal,509.18
Corty,Donn,Wase,715,paypal,426.97
Huntley,Woodman,Archdeckne,716,Debit,166.18
Flora,Niki,Stroyan,717,online,38.01
Cos,Tracey,Adamo,718,online,193.13
Ulises,Ranee,Mathan,719,Debit,593.72
Thalia,Masha,Griffitt,720,online,402.2
Niel,Loralee,Stempe,721,Check,496.15
Reggy,Man,Janic,722,online,374.19
Silvio,Tybie,Gatling,723,Check,596.16
Mirna,Nikki,Lacer,724,Debit,91.78
Jacob,Friederike,Gaiger,725,online,416.18
Obie,Nolie,Fairy,726,paypal,503.68
Elie,Dianemarie,Banghe,727,Debit,237.39
Debee,Bobbee,Ram,728,online,536.53
Fernando,Cloris,Holehouse,729,Debit,336.13
Kissee,Amy,Bodesson,730,online,574.98
Rafi,Sara-ann,Sherred,731,online,255.0
Darrick,Cordelie,Nickoles,732,paypal,
Sheffie,Gregor,Bowdery,733,online,292.76
Oswald,Sharity,Crunkhurn,734,paypal,558.12
Fabio,Estele,Westwater,735,paypal,
Drew,Mabel,Darter,736,paypal,423.88
Lock,Tabbie,Dodgshon,737,paypal,
Rich,Pandora,Giannasi,738,Debit,
Aimil,Roddie,Picopp,739,Check,124.49
Calhoun,Kelwin,Sertin,740,paypal,213.6
Sybila,Amos,Bracer,741,Check,134.92
Baldwin,Karyl,Meininking,742,Debit,287.35
Garrott,Connor,Solley,743,online,
Charmian,Yolanthe,Ryott,744,Debit,169.43
Pansie,Fraser,Bates,745,Check,535.58
Dosi,Nickola,O'Donovan,746,paypal,377.16
Courtnay,Lemmy,Currer,747,Check,401.64
Hetty,Evangelin,Shurrocks,748,online,72.04
Bail,Arvie,Aumerle,749,online,
Brier,Dede,Skells,750,Debit,430.73
Devin,Raviv,Cassimer,751,online,355.3
Nickolai,Maiga,Altofts,752,paypal,
Lemuel,Thacher,Vitler,753,paypal,43.51
Alwyn,Chaim,Tofanelli,754,Debit,156.02
Alameda,Ashely,Howcroft,755,Debit,131.01
Kata,Chevy,Mulford,756,Check,293.0
Luce,Teddy,Rother,757,Check,
Norina,Sandye,Wybern,758,paypal,383.54
Rosmunda,Jon,Scadden,759,online,
Janeta,Rolland,Aloshechkin,760,paypal,
Ennis,Alvin,Pagel,761,Check,148.6
Cissy,Cameron,Denley,762,Debit,406.47
Joli,Kennett,Paynton,763,online,325.31
Morgen,Kelsi,Trulock,764,Check,572.41
Mag,Royal,Aindriu,765,Check,482.56
Jordain,Parke,O'Sullivan,766,Check,127.69
Jerrilee,Mick,Illesley,767,paypal,334.48
Shari,Hailey,MacNish,768,paypal,525.87
Tobi,Verne,De Pietri,769,online,131.05
Maggie,Boycie,Sevier,770,online,112.98
Frank,Angelique,Pauletti,771,Check,428.62
Helli,Gabbi,Bernaciak,772,paypal,61.98
Felike,Dianemarie,McBeath,773,Check,428.42
Emalee,Huey,Genicke,774,Check,81.22
Tallulah,Garth,Pottage,775,paypal,434.39
Alyse,Ibby,Robiot,776,Check,285.9
Dolorita,Ivar,Tench,777,Debit,128.45
Dalia,Mallory,Dewsnap,778,Debit,266.04
Raddie,Eddy,Burmingham,779,online,
Joye,Rosabelle,Caudrey,780,paypal,335.96
Gizela,Tiffie,Mulcock,781,online,341.72
Maurita,Powell,Mattimoe,782,Debit,
Ynez,Mamie,Wollard,783,Debit,493.51
Van,Randolf,Petrulis,784,Check,36.34
Harry,Eleanore,Crann,785,Debit,
Way,Garrett,Sollime,786,Check,438.34
Darleen,Carlee,Clohissy,787,online,167.12
Elton,Jewell,Casewell,788,online,
Erich,Bartholomew,Poll,789,paypal,93.06
Baird,Melissa,Claussen,790,paypal,526.76
Barbi,Lloyd,Eves,791,paypal,
Richardo,Ariana,Murtimer,792,online,217.28
Louis,Kristi,Ledgley,793,Debit,460.04
Chane,Archibald,Chishull,794,paypal,223.01
Renaud,Thia,Cadney,795,Debit,163.36
Eadith,Rayner,Garcia,796,Debit,99.43
Ortensia,Christalle,Buckle,797,paypal,170.49
Wynne,Hardy,Marjoribanks,798,Check,388.22
Guglielma,Lola,Vankin,799,Check,450.69
Gilbertine,Harwell,Pomfrey,800,Debit,290.89
Jacqui,Allene,Lyddiard,801,paypal,
Sophi,Meriel,Scoggin,802,Check,28.61
Gerladina,Wyn,Dyball,803,Debit,14.53
Esta,Harry,Cassedy,804,Check,
Benedikta,Kylila,Noke,805,Debit,22.92
Laird,Kris,Mercy,806,Check,159.43
Juditha,Prudence,Favey,807,Debit,253.91
Rebekah,Fidelity,Penhalewick,808,paypal,575.07
Mandy,Nanon,Mannix,809,paypal,246.05
Rachele,Goddard,Pizzey,810,Debit,
Katya,Trixi,Rake,811,online,108.65
Eustacia,Korrie,Bille,812,Check,291.74
Roddie,Alard,Brownsworth,813,online,62.08
Lewiss,Missie,Burchmore,814,online,160.29
Keary,Charline,Grosier,815,Check,
Krysta,Rafaellle,Kettleson,816,paypal,360.01
Galen,Rufe,Gerrit,817,Check,10.85
Angelico,Paulina,Neilson,818,Check,494.6
Cordelie,Nickolai,Rhubottom,819,Check,197.87
Bennett,Livy,Budnik,820,online,81.22
Marysa,Bartel,Cogman,821,paypal,152.44
Kippy,Oralla,Scurrey,822,online,
Tabor,Theobald,Rayment,823,paypal,198.86
Nanci,Sada,Sherman,824,Debit,476.07
Ellyn,Dunc,Slateford,825,paypal,
Pascal,Frasier,Pernell,826,Debit,237.16
Dolph,Erin,Irvine,827,paypal,
Ardis,Joeann,Northidge,828,Check,149.18
Dru,Omar,Hasty,829,Debit,
Susanne,Lenora,Lemar,830,Check,
Terri,Dulcia,Coplestone,831,Debit,
Priscella,Nissa,Persey,832,paypal,13.7
Olin,Consuela,Housin,833,Debit,373.39
Odele,Corliss,Dearl,834,Debit,277.78
Peg,Demetre,Gotcliff,835,Check,197.9
Nissa,Gian,Winspire,836,online,309.76
Emmett,Min,Lammerts,837,Check,39.76
Godfrey,Korney,Wrightim,838,online,346.55
Jonathon,Averil,Loveday,839,Debit,36.43
Maribeth,Waldon,Meriott,840,Check,294.44
Ardisj,Brina,Rhymer,841,paypal,2.71
Sallee,Nealson,Bomb,842,Debit,387.78
Leif,Iorgos,Torns,843,online,
Elladine,Edan,Bonnick,844,paypal,190.98
Nolan,Keary,Valance,845,Debit,
Davy,Wernher,Burwood,846,paypal,385.54
Wallas,Jacquelyn,Forst,847,Check,395.51
Faulkner,Petrina,Nuccii,848,Check,389.5
Lalo,Collete,Shear,849,online,8.15
Fania,Jacobo,Kiehne,850,Debit,302.26
Trixy,Addie,Elderkin,851,paypal,575.53
Daisi,Prent,Comsty,852,Check,482.62
Hedi,Patricia,Yantsev,853,paypal,198.08
Rad,Ernest,Piper,854,Debit,456.33
Alvan,Jessalyn,Meeson,855,Check,387.1
Maggi,Dewie,Prestland,856,online,
Jeffry,Larine,Cleen,857,Debit,
Quent,Pascale,Roon,858,Debit,478.59
Binni,Anna-diana,Bellany,859,paypal,
Tull,Connor,Jolin,860,online,
Malinde,Karlik,Widdows,861,Debit,323.29
Kessia,Gussie,Riding,862,Check,213.75
Gerek,Shirl,Coll,863,Check,440.77
Alfie,Jesse,Cockland,864,Debit,593.72
Shawn,Brenna,Twopenny,865,Debit,
Jeremie,Anatole,Gott,866,Debit,451.65
Alejandra,Cly,Henkmann,867,online,125.88
Ruy,Ted,Pinxton,868,online,580.51
Guillaume,Ibrahim,Ewins,869,online,
Caspar,Maxine,Placstone,870,Debit,323.57
Roth,Helene,Gullane,871,online,21.24
Melisande,Philis,Snelman,872,online,
Michaella,Hollis,Passby,873,Check,410.6
Gabie,Tod,Soeiro,874,Debit,
Avram,Ellie,Bridgewater,875,online,119.92
Selene,Nelli,Halkyard,876,Debit,485.31
Dannye,Cloe,McGilvra,877,paypal,420.2
Lula,Suzanne,Streatley,878,Debit,109.66
Durant,Wallis,Gunby,879,Check,176.93
Tori,Sada,Dalgarnowch,880,paypal,
Piper,Joshia,Danilchik,881,online,
Clerkclaude,Valry,Shimmin,882,Check,538.15
Cecile,Janela,Alleway,883,paypal,190.1
Em,Stefano,Greveson,884,online,561.05
Bord,Emlen,Gittose,885,paypal,
Rene,Shaun,Beeby,886,Check,
Susanetta,Jacquelin,Geerling,887,paypal,410.42
Trescha,Libbie,Griffoen,888,Debit,213.5
Rosette,Nathaniel,Reeman,889,Debit,361.13
Decca,Sylvan,Wauchope,890,Check,
Dino,Eben,McFadin,891,online,189.71
Peder,Lek,Grimston,892,online,287.14
Antonietta,Chelsey,Ebden,893,Check,349.92
Bear,Maryjo,Longmire,894,Debit,320.96
Hardy,Kaitlyn,Paolinelli,895,paypal,382.19
Fern,Conny,Kipling,896,paypal,110.67
Teddie,Madella,Echallier,897,online,191.14
Hoyt,Barrett,Deegan,898,paypal,130.91
Karol,Marley,Iwaszkiewicz,899,Check,65.98
Pammy,Peta,Teaser,900,Debit,32.31
Renard,Lonnard,Tortoise,901,online,520.81
Shelagh,Baird,Sergeant,902,Debit,238.82
Theressa,Kizzie,Blakeden,903,Check,
Emmaline,Vinita,Kellick,904,paypal,
Liesa,Rees,Dommersen,905,online,98.56
Winny,Jacynth,Tattersfield,906,paypal,36.31
Marthena,Forrester,Stringer,907,paypal,
Eirena,Abigale,Castellino,908,Check,74.05
Bryana,Stan,Mateu,909,paypal,108.2
Forest,Lennie,Tuminini,910,online,174.69
Lanita,Andria,Keenor,911,Debit,
Celine,Arman,Henden,912,Debit,262.66
Dante,Saw,Butterwick,913,Check,55.41
Verine,Lynnelle,Ravenscroftt,914,Debit,319.72
Yankee,Andria,Cogzell,915,Debit,140.06
Reidar,Mabel,Tsarovic,916,Debit,
Gae,Damon,Burleton,917,paypal,438.69
Quintin,Mireielle,Chown,918,online,309.63
Jeana,Feliks,Free,919,Debit,71.2
Billy,Iggie,Klehn,920,paypal,
Antony,Ronny,Colbron,921,paypal,
Kaspar,Denys,Washington,922,paypal,300.45
Jere,Arlie,Duckinfield,923,Debit,
Minnaminnie,Belinda,Taile,924,Check,315.29
Tulley,Rice,Hexam,925,Debit,378.35
Towny,Phineas,Alentyev,926,Debit,295.42
Son,Auria,Elener,927,paypal,
Suzy,Clair,Taylorson,928,Check,
Lilian,Sherye,Hutton,929,online,
Melodee,Stewart,Basek,930,paypal,463.53
Laurianne,Alexina,Cossom,931,Debit,
Ikey,Kippy,Boldecke,932,paypal,273.85
Tedi,Tawsha,Brewse,933,paypal,118.15
Blanch,Levon,Haswell,934,Check,367.29
Haywood,Andres,Levane,935,Check,371.42
Mar,Burg,Grouen,936,Check,106.87
Stephanie,Javier,Apfel,937,Debit,11.39
Pembroke,Greta,Mainston,938,online,12.11
Rafa,Bernetta,Shevlane,939,paypal,289.22
Woodrow,Caspar,Ramelet,940,online,445.58
Merell,Abigail,Aspole,941,Check,72.4
Yolanda,Hermione,Huxtable,942,online,
Velma,Sabine,Baroux,943,Debit,203.0
Winna,Gearard,Garrould,944,paypal,499.63
Xaviera,Brendon,Shewry,945,online,294.48
Dacey,Audi,Padell,946,paypal,583.13
Franklyn,Nelly,Laybourn,947,online,135.35
Linus,Chad,Denison,948,Check,135.72
Ula,Mickie,Cappel,949,online,24.62
Frieda,Rosette,Bertlin,950,Debit,290.41
Jedediah,Blondelle,Riepl,951,online,192.02
Alexine,Gard,Crouse,952,paypal,98.29
Bette,Josefa,Lindhe,953,paypal,440.84
Elga,Maribel,Limpkin,954,paypal,191.68
Bonnibelle,Willette,Skellern,955,Check,405.4
Rani,Vinnie,Hamelyn,956,paypal,536.41
Bogart,Kimberlee,Levesley,957,Debit,365.54
Zonnya,Maury,O'Noulane,958,online,588.46
Pammi,Nikita,Sickamore,959,Debit,436.54
Fanni,Maurene,Velde,960,Debit,598.57
Igor,Reid,Wornum,961,Check,219.11
Englebert,Michel,Dearth,962,Check,249.9
Alec,Victor,Eyckel,963,Debit,
Daune,Peter,Barok,964,Check,
Richie,Donetta,Corless,965,online,
Hilton,Dulci,Durrett,966,Check,500.1
Pascal,Tod,Lelliott,967,Check,
Brynn,Agatha,York,968,Debit,
Mark,Maryanna,Wiszniewski,969,Check,54.1
Nealon,Elissa,Farnsworth,970,paypal,
Uta,Edsel,Admans,971,paypal,75.23
Vernor,Daisey,Coils,972,paypal,243.08
Carmel,Ynes,Dilgarno,973,online,582.65
Revkah,Bambie,Pinke,974,paypal,
Barbette,Deina,Gannon,975,online,570.68
Cally,Baudoin,Fiddymont,976,online,362.36
Krista,Ira,Austing,977,online,92.63
Abner,Christie,Bleby,978,paypal,343.45
Berti,Jeno,Harbidge,979,Check,
Ian,Lars,Godard,980,online,208.19
Tanitansy,Kris,Loakes,981,Check,67.98
Edithe,Shawn,Francesconi,982,paypal,
Euphemia,Lissa,Teanby,983,Check,500.0
Quillan,Stephen,Salters,984,Check,581.05
Ulrica,Alie,Gerbel,985,Check,
Traci,Elwira,Dyton,986,Check,
Rayna,Sunny,Colnett,987,Check,246.88
Florry,Dallon,Danaher,988,paypal,369.3
Dalila,Sunny,Hampshaw,989,Check,512.1
Rosie,Addie,Scanlan,990,Debit,
Walton,Valentino,Lorenzo,991,paypal,334.19
Keely,Ilyssa,Band,992,Check,
Cloe,Isadora,Edmans,993,Check,341.48
Milt,Kermit,Tejada,994,paypal,489.71
Llewellyn,Jacquelynn,Burstowe,995,Debit,315.56
Bernette,Mureil,Maccraw,996,Debit,538.65
Linea,Ronnie,Stradling,997,Debit,349.54
Agace,Charmaine,Steinson,998,paypal,403.36
Beryl,Deb,Banyard,999,online,237.65
Clo,Carlie,Ruggier,1000,paypal,254.2
